{"_runtime":14041.12330844,"train_loss_step":26338.2109375,"kl_local_validation":105.94760131835938,"kl_weight":1,"reconstruction_loss_train":24451.7265625,"elbo_validation":24786.78515625,"_step":20511,"kl_global_train":0,"trainer/global_step":201473,"kl_local_train":38.644264221191406,"elbo_train":24490.37109375,"validation_loss":24786.78515625,"reconstruction_loss_validation":24680.837890625,"_wandb":{"runtime":14041},"umap_broad_cell_type":{"format":"png","width":640,"height":480,"_type":"image-file","sha256":"d594dc2d97b90349a763d52b6b9a99db17175915e695d3a7f8b57b6c65829bbf","size":245424,"path":"media/images/umap_broad_cell_type_20511_d594dc2d97b90349a763.png"},"epoch":181,"train_loss_epoch":24499.486328125,"kl_global_validation":0,"_timestamp":1.746821596255005e+09}